gammelt_nr,navn,start_yr,end_yr,nr_2024
0101,Halden,,2019,3101
0102,Sarpsborg,,1991,3105
0103,Fredrikstad,,1993,3107
0104,Moss,,2019,3103
0105,Sarpsborg,1992,2019,3105
0106,Fredrikstad,1994,2019,3107
0111,Hvaler,,2019,3110
0112,Torsnes,1910,1963,
0113,Borge,,1993,3107
0114,Varteig,,1991,3105
0115,Skjeberg,,1991,3105
0116,Berg,,1966,
0117,Idd,,1966,
0118,Aremark,,2019,3124
0119,Marker,1964,2019,3122
0120,Rødenes,,1963,
0121,Rømskog,,2019,3226
0122,Trøgstad,,2019,3118
0123,Spydeberg,,2019,3118
0124,Askim,,2019,3118
0125,Eidsberg,,2019,3118
0126,Mysen,1921,1960,
0127,Skiptvet,,2019,3116
0128,Rakkestad,,2019,3120
0129,Degernes,1917,1963,
0130,Tune,,1991,3105
0131,Rolvsøy,1911,1993,3107
0132,Glemmen,,1963,
0133,Kråkerøy,1908,1993,3107
0134,Onsøy,,1993,3107
0135,Råde,,2019,3112
0136,Rygge,,2019,3103
0137,Våler (Østfold),,2019,3114
0138,Hobøl,,2019,3118
0201,Son,,1963,
0203,Drøbak,,1961,
0211,Vestby,,2019,3216
0212,Kråkstad,,1963,
0213,Ski,1931,2019,3207
0214,Ås,,2019,3218
0215,Frogn,,2019,3214
0216,Nesodden,,2019,3212
0217,Oppegård,1915,2019,3207
0218,Aker,,1947,
0219,Bærum,,2019,3201
0220,Asker,,2019,3203
0221,Aurskog-Høland,1966,2019,3226
0222,Nordre Høland,1924,1965,
0223,Setskog,,1965,
0224,Aurskog,,1965,
0225,Blaker,1919,1961,
0226,Sørum,,2019,3205
0227,Fet,,2019,3205
0228,Rælingen,1929,2019,3224
0229,Enebakk,,2019,3220
0230,Lørenskog,1908,2019,3222
0231,Skedsmo,,2019,3205
0232,Lillestrøm,1908,1961,3205
0233,Nittedal,,2019,3232
0234,Gjerdrum,,2019,3230
0235,Ullensaker,,2019,3209
0236,Nes (Akershus),,2019,3228
0237,Eidsvoll,,2019,3240
0238,Nannestad,,2019,3238
0239,Hurdal,,2019,3242
0240,Feiring,,1963,
0301,Oslo - Oslove,,,0301
0401,Hamar,,1991,3403
0402,Kongsvinger,,2019,3401
0403,Hamar,1992,2019,3403
0411,Nes,,1963,3228
0412,Ringsaker,,2019,3411
0413,Furnes,,1963,
0414,Vang,,1991,3454
0415,Løten,,2019,3412
0416,Romedal,,1963,
0417,Stange,,2019,3413
0418,Nord-Odal,,2019,3414
0419,Sør-Odal,,2019,3415
0420,Eidskog,,2019,3416
0421,Vinger,,1963,
0422,Brandval,,1963,
0423,Grue,,2019,3417
0424,Hof,,1962,
0425,Åsnes,,2019,3418
0426,Våler (Hedmark),,2019,3419
0427,Elverum,,2019,3420
0428,Trysil,,2019,3421
0429,Åmot,,2019,3422
0430,Stor-Elvdal,,2019,3423
0431,Sollia,,1964,
0432,Rendalen,1965,2019,3424
0433,Øvre Rendal,,1964,
0434,Engerdal,1911,2019,3425
0435,Tolga-Os,1966,1975,
0436,Tolga,,2019,3426
0437,Tynset,,2019,3427
0438,Alvdal,,2019,3428
0439,Folldal,1914,2019,3429
0440,Kvikne,,1965,
0441,Os (Hedmark),,2019,3430
0501,Lillehammer,,2019,3405
0502,Gjøvik,,2019,3407
0511,Dovre,,2019,3431
0512,Lesja,,2019,3432
0513,Skjåk,,2019,3433
0514,Lom,,2019,3434
0515,Vågå,,2019,3435
0516,Nord-Fron,1977,2019,3436
0517,Sel,1908,2019,3437
0518,Fron,1966,1976,
0519,Sør-Fron,,2019,3438
0520,Ringebu,,2019,3439
0521,Øyer,,2019,3440
0522,Gausdal,1962,2019,3441
0523,Vestre Gausdal,,1961,
0524,Fåberg,,1963,
0525,Biri,,1963,
0526,Snertingdal,1910,1963,
0527,Vardal,,1963,
0528,Østre Toten,,2019,3442
0529,Vestre Toten,,2019,3443
0530,Eina,1908,1963,
0531,Kolbu,1908,1963,
0532,Jevnaker,,2019,3236
0533,Lunner,,2019,3234
0534,Gran,,2019,3446
0535,Brandbu,,1961,
0536,Søndre Land,,2019,3447
0537,Fluberg,1914,1961,
0538,Nordre Land,,2019,3448
0539,Torpa,1914,1961,
0540,Sør-Aurdal,,2019,3449
0541,Etnedal,,2019,3450
0542,Nord-Aurdal,,2019,3451
0543,Vestre Slidre,,2019,3452
0544,Øystre Slidre,,2019,3453
0545,Vang,,2019,3454
0601,Ringerike,1964,1976,3305
0602,Drammen,,2019,3301
0604,Kongsberg,,2019,3303
0605,Ringerike,1977,2019,3305
0611,Tyristrand,1916,1963,
0612,Hole,1977,2019,3310
0613,Norderhov,,1963,
0614,Ådal,,1963,
0615,Flå,,2019,3320
0616,Nes (Buskerud),,2019,3322
0617,Gol,,2019,3324
0618,Hemsedal,,2019,3326
0619,Ål,,2019,3328
0620,Hol,,2019,3330
0621,Sigdal,,2019,3332
0622,Krødsherad,,2019,3318
0623,Modum,,2019,3316
0624,Øvre Eiker,,2019,3314
0625,Nedre Eiker,,2019,3301
0626,Lier,,2019,3312
0627,Røyken,,2019,3203
0628,Hurum,,2019,3203
0629,Ytre Sandsvær,1908,1963,
0630,Øvre Sandsvær,1908,1963,
0631,Flesberg,,2019,3334
0632,Rollag,,2019,3336
0633,Nore og Uvdal,1962,2019,3338
0634,Uvdal,,1961,
0701,Horten,2002,2019,3901
0702,Holmestrand,,2017,3903
0703,Horten,,1987,3901
0704,Tønsberg,1988,2019,3905
0705,Tønsberg,,1987,3905
0706,Sandefjord,,2016,3907
0707,Larvik,,1987,3909
0708,Stavern,1944,1987,3909
0709,Larvik,1988,2017,3909
0710,Sandefjord,2017,2019,3907
0711,Svelvik,1964,2019,3301
0712,Larvik,2018,2019,3909
0713,Sande (Vestfold),,2019,3903
0714,Hof,,2017,3903
0715,Holmestrand,2018,2019,3903
0716,Re,2002,2019,3903
0717,Borre,,1987,3901
0718,Ramnes,,2001,3903
0719,Andebu,,2016,3907
0720,Stokke,,2016,3907
0721,Sem,,1987,3905
0722,Nøtterøy,,2017,3911
0723,Tjøme,,2017,3911
0724,Sandar,,1967,
0725,Tjølling,,1987,3909
0726,Brunlanes,,1987,3909
0727,Hedrum,,1987,3909
0728,Lardal,,2017,3909
0729,Færder,2018,2019,3911
0801,Kragerø,,1959,4014
0802,Langesund,,1963,
0803,Stathelle,,1963,
0804,Brevik,,1963,
0805,Porsgrunn,,2019,4001
0806,Skien,,2019,4003
0807,Notodden,1913,2019,4005
0811,Siljan,,2019,4010
0812,Gjerpen,,1963,
0813,Eidanger,,1963,
0814,Bamble,,2019,4012
0815,Kragerø,1960,2019,4014
0816,Sannidal,,1959,
0817,Drangedal,,2019,4016
0818,Solum,,1963,
0819,Nome,1964,2019,4018
0820,Lunde,,1963,
0821,Bø (Telemark),,2019,4020
0822,Sauherad,,2019,4020
0823,Heddal,,1963,
0824,Gransherad,,1963,
0825,Hovin,,1963,
0826,Tinn,,2019,4026
0827,Hjartdal,,2019,4024
0828,Seljord,,2019,4022
0829,Kviteseid,,2019,4028
0830,Nissedal,,2019,4030
0831,Fyresdal,,2019,4032
0832,Mo,,1963,
0833,Tokke,1964,2019,4034
0834,Vinje,,2019,4036
0835,Rauland,,1963,
0901,Risør,,2019,4201
0902,Tvedestrand,,1959,4213
0903,Arendal,,1991,4203
0904,Grimstad,,2019,4202
0905,Lillesand,,1961,4215
0906,Arendal,1992,2019,4203
0911,Gjerstad,,2019,4211
0912,Vegårshei,,2019,4212
0913,Søndeled,,1963,
0914,Tvedestrand,,2019,4213
0915,Dypvåg,,1959,
0916,Flosta,,1961,
0917,Stokken,1919,1961,
0918,Moland,1962,1991,4203
0919,Froland,,2019,4214
0920,Øyestad,,1991,4203
0921,Tromøy,,1991,4203
0922,Hisøy,,1991,4203
0923,Fjære,,1970,
0924,Landvik,,1970,
0925,Eide,,1961,
0926,Lillesand,1962,2019,4215
0927,Høvåg,,1961,
0928,Birkenes,,2019,4216
0929,Åmli,,2019,4217
0930,Gjøvdal,1908,1959,
0931,Tovdal,1908,1966,
0932,Mykland,,1966,
0933,Herefoss,,1966,
0934,Vegusdal,,1966,
0935,Iveland,,2019,4218
0936,Hornnes,,1959,
0937,Evje og Hornnes,1960,2019,4219
0938,Bygland,,2019,4220
0939,Hylestad,1915,1961,
0940,Valle,,2019,4221
0941,Bykle,,2019,4222
1001,Kristiansand,,2019,4204
1002,Mandal,,2019,4205
1003,Farsund,,2019,4206
1004,Flekkefjord,,2019,4207
1011,Randesund,,1964,
1012,Oddernes,,1964,
1013,Tveit,,1964,
1014,Vennesla,,2019,4223
1015,Hægeland,,1963,
1016,Øvrebø,,1963,
1017,Songdalen,1964,2019,4204
1018,Søgne,,2019,4204
1019,Halse og Harkmark,,1963,
1020,Holum,,1963,
1021,Marnardal,1964,2019,4205
1022,Laudal,,1963,
1023,Finsland,,1963,
1024,Bjelland,,1963,
1025,Grindheim,,1963,
1026,Åseral,,2019,4224
1027,Audnedal,1964,2019,4205
1028,Vigmostad,1911,1963,
1029,Lindesnes,1964,2019,4205
1030,Spangereid,,1963,
1031,Austad,1909,1962,
1032,Lyngdal,,2019,4225
1033,Kvås,1909,1962,
1034,Hægebostad,,2019,4226
1035,Eiken,1916,1962,
1036,Fjotland,,1962,
1037,Kvinesdal,,2019,4227
1038,Feda,,1962,
1039,Herad,,1964,
1040,Spind,,1964,
1041,Lista,,1964,
1042,Hidra,,1964,
1043,Nes,,1964,3228
1044,Gyland,,1964,
1045,Bakke,,1964,
1046,Sirdal,1960,2019,4228
1047,Øvre Sirdal,,1959,
1101,Eigersund,,,1101
1102,Sandnes,,2019,1108
1103,Stavanger,,,1103
1104,Skudeneshavn,,1964,
1105,Kopervik,,1964,
1106,Haugesund,,,1106
1108,Sandnes,,,1108
1111,Sokndal,,,1111
1112,Lund,,,1112
1113,Heskestad,,1964,
1114,Bjerkreim,,,1114
1115,Helleland,,1964,
1116,Eigersund,,1964,1101
1117,Ogna,,1963,
1118,Varhaug,,1963,
1119,Hå,,,1119
1120,Klepp,,,1120
1121,Time,,,1121
1122,Gjesdal,,,1122
1123,Høyland,,1964,
1124,Sola,,,1124
1125,Madla,1930,1964,
1126,Hetland,,1964,
1127,Randaberg,,,1127
1128,Høle,,1964,
1129,Forsand,,2019,1108
1130,Strand,,,1130
1131,Årdal,,1964,4643
1132,Fister,,1964,
1133,Hjelmeland,,,1133
1134,Suldal,,,1134
1135,Sauda,,,1135
1136,Sand,,1964,
1137,Erfjord,1914,1964,
1138,Jelsa,,1964,
1139,Nedstrand,,1964,
1140,Sjernarøy,,1964,
1141,Finnøy,,2019,1103
1142,Rennesøy,,2019,1103
1143,Mosterøy,,1964,
1144,Kvitsøy,,,1144
1145,Bokn,,,1145
1146,Tysvær,,,1146
1147,Avaldsnes,,1964,
1148,Stangaland,1909,1964,
1149,Karmøy,,,1149
1150,Skudenes,,1964,
1151,Utsira,,,1151
1152,Torvastad,,1964,
1153,Skåre,,1957,
1154,Vindafjord,1965,2005,1160
1155,Vats,,1964,
1156,Imsland,1923,1964,
1157,Vikedal,,1964,
1158,Sandeid,1923,1964,
1159,Ølen,2002,2005,1160
1160,Vindafjord,,,1160
1201,Bergen,1972,2019,4601
1211,Etne,,2019,4611
1212,Skånevik,,1964,
1213,Fjelberg,,1964,
1214,Ølen,1916,2001,1160
1215,Vikebygd,,1963,
1216,Sveio,,2019,4612
1217,Valestrand,,1963,
1218,Moster,1916,1962,
1219,Bømlo,1916,2019,4613
1220,Bremnes,1916,1962,
1221,Stord,,2019,4614
1222,Fitjar,,2019,4615
1223,Tysnes,,2019,4616
1224,Kvinnherad,,2019,4617
1225,Varaldsøy,,1964,
1226,Strandebarm,,1964,
1227,Jondal,,2019,4618
1228,Odda,1913,2019,4618
1229,Røldal,,1963,
1230,Ullensvang,,1976,4618
1231,Ullensvang,1977,2019,4618
1232,Eidfjord,,2019,4619
1233,Ulvik,,2019,4620
1234,Granvin,,2019,4621
1235,Voss,,2019,4621
1236,Vossestrand,,1963,
1237,Evanger,,1963,
1238,Kvam,,2019,4622
1239,Hålandsdal,,1963,
1240,Strandvik,,1963,
1241,Fusa,,2019,4624
1242,Samnanger,1907,2019,4623
1243,Os (Hordaland),,2019,4624
1244,Austevoll,,2019,4625
1245,Sund,,2019,4626
1246,Fjell,,2019,4626
1247,Askøy,,2019,4627
1248,Laksevåg,1918,1971,
1249,Fana,,1971,
1250,Arna,1964,1971,
1251,Vaksdal,1964,2019,4628
1252,Modalen,1910,2019,4629
1253,Osterøy,1964,2019,4630
1254,Hamre,,1963,
1255,Åsane,,1971,
1256,Meland,1924,2019,4631
1257,Alversund,,1963,
1258,Herdla,,1963,
1259,Øygarden,1964,2019,4626
1260,Radøy,1964,2019,4631
1261,Manger,,1963,
1262,Sæbø,1924,1963,
1263,Lindås,,2019,4631
1264,Austrheim,1910,2019,4632
1265,Fedje,1948,2019,4633
1266,Masfjorden,,2019,4634
1301,Bergen,,1971,4601
1401,Flora,1964,2019,4602
1411,Gulen,,2019,4635
1412,Solund,,2019,4636
1413,Hyllestad,,2019,4637
1414,Brekke,,1963,
1415,Lavik,,1963,
1416,Høyanger,1964,2019,4638
1417,Vik,,2019,4639
1418,Balestrand,,2019,4640
1419,Leikanger,,2019,4642
1420,Sogndal,,2019,4640
1421,Aurland,,2019,4641
1422,Lærdal,,2019,4642
1423,Borgund,,1963,
1424,Årdal,,2019,4643
1425,Hafslo,,1962,
1426,Luster,,2019,4644
1427,Jostedal,,1962,
1428,Askvoll,,2019,4645
1429,Fjaler,,2019,4646
1430,Gaular,,2019,4646
1431,Jølster,,2019,4647
1432,Førde,,2019,4647
1433,Naustdal,,2019,4647
1434,Vevring,,1963,
1435,Eikefjord,1923,1963,
1436,Bru,1923,1963,
1437,Kinn,,1963,4602
1438,Bremanger,,2019,4648
1439,Vågsøy,1964,2019,4602
1440,Nord-Vågsøy,1910,1963,
1441,Selje,,2019,4649
1442,Davik,,1964,
1443,Eid,,2019,4649
1444,Hornindal,,2019,4650
1445,Gloppen,,2019,4650
1446,Breim,,1963,
1447,Innvik,,1964,
1448,Stryn,,1976,4651
1449,Stryn,1977,2019,4651
1501,Ålesund,,1976,1508
1502,Molde,,2019,1506
1503,Kristiansund,,2007,1505
1504,Ålesund,1977,2019,1508
1505,Kristiansund,,,1505
1506,Molde,,,1506
1507,Ålesund,2020,2023,1508
1508,Ålesund,,,1508
1511,Vanylven,,,1511
1512,Syvde,1918,1963,
1513,Rovde,,1963,
1514,Sande,,,1514
1515,Herøy (Møre og Romsdal),,,1515
1516,Ulstein,,,1516
1517,Hareid,,,1517
1518,Dalsfjord,1924,1963,
1519,Volda,,2019,1577
1520,Ørsta,,,1520
1521,Vartdal,,1963,
1522,Hjørundfjord,,1963,
1523,Ørskog,1977,2019,1508
1524,Norddal,,2019,1578
1525,Stranda,,,1525
1526,Stordal,,2019,1578
1527,Ørskog,,1976,
1528,Sykkylven,,,1528
1529,Skodje,,2019,1508
1530,Vatne,,1964,
1531,Sula,,,1531
1532,Giske,,,1532
1533,Vigra,,1963,
1534,Haram,,2019,1580
1535,Vestnes,,,1535
1536,Tresfjord,,1963,
1537,Voll,,1963,
1538,Eid,,1963,
1539,Rauma,,,1539
1540,Hen,,1963,
1541,Veøy,,1963,
1542,Eresfjord og Vistdal,,1963,
1543,Nesset,,2019,1506
1544,Bolsøy,,1963,
1545,Midsund,1965,2019,1506
1546,Sandøy,,2019,1506
1547,Aukra,,,1547
1548,Fræna,,2019,1579
1549,Bud,,1963,
1550,Hustad,1918,1963,
1551,Eide,,2019,1579
1552,Kornstad,,1963,
1553,Kvernes,,1963,
1554,Averøy,,,1554
1555,Grip,,1963,
1556,Frei,,2007,1505
1557,Gjemnes,,,1557
1558,Øre,,1964,
1559,Straumsnes,,1963,
1560,Tingvoll,,,1560
1561,Øksendal,,1959,
1562,Ålvundeid,,1959,
1563,Sunndal,,,1563
1564,Stangvik,,1964,
1565,Åsskard,,1964,
1566,Surnadal,,,1566
1567,Rindal,,2018,5061
1568,Stemshaug,1914,1964,
1569,Aure,,2005,1576
1570,Valsøyfjord,,1964,
1571,Halsa,,2019,1576
1572,Tustna,,2005,1576
1573,Smøla,,,1573
1574,Brattvær,1915,1959,
1575,Hopen,1915,1959,
1576,Aure,,,1576
1577,Volda,,,1577
1578,Fjord,,,1578
1579,Hustadvika,,,1579
1580,Haram,,,1580
1601,Trondheim,,2017,5001
1611,Vinje,1924,1963,4036
1612,Hemne,,2017,5055
1613,Snillfjord,1924,2017,5055
1614,Heim,1911,1963,5055
1615,Sandstad,1914,1963,
1616,Fillan,,1963,
1617,Hitra,,2017,5056
1618,Kvenvær,1913,1963,
1619,Sør-Frøya,,1963,
1620,Frøya,1964,2017,5014
1621,Ørland,,2017,5057
1622,Agdenes,,2017,5059
1623,Lensvik,,1963,
1624,Rissa,,2017,5054
1625,Stadsbygd,,1963,
1626,Stjørna,,1963,
1627,Bjugn,,2017,5057
1628,Nes,,1963,3228
1629,Jøssund,,1963,
1630,Åfjord,,2017,5058
1631,Stoksund,,1963,
1632,Roan,,2017,5020
1633,Osen,,2017,5020
1634,Oppdal,,2017,5021
1635,Rennebu,,2017,5022
1636,Meldal,,2017,5059
1637,Orkland,1921,1962,5059
1638,Orkdal,,2017,5059
1639,Orkanger,1921,1962,
1640,Røros,,2017,5025
1641,Røros Landsogn,1926,1963,
1642,Brekken,1926,1963,
1643,Glåmos,1926,1963,
1644,Holtålen,1972,2017,5026
1645,Haltdalen,,1971,
1646,Singsås,,1963,
1647,Budal,,1963,
1648,Midtre Gauldal,1964,2017,5027
1649,Soknedal,,1963,
1650,Horg,,1963,
1651,Hølonda,,1963,
1652,Flå,,1963,3320
1653,Melhus,,2017,5028
1654,Leinstrand,,1963,
1655,Byneset,,1963,
1656,Buvik,,1963,
1657,Skaun,,2017,5029
1658,Børsa,,1964,
1659,Geitastrand,,1962,
1660,Strinda,,1963,
1661,Tiller,,1963,
1662,Klæbu,,2017,5001
1663,Malvik,,2017,5031
1664,Selbu,,2017,5032
1665,Tydal,,2017,5033
1701,Levanger,,1961,5037
1702,Steinkjer,,2017,5006
1703,Namsos,,2017,5007
1711,Meråker,,2017,5034
1712,Hegra,,1961,
1713,Lånke,,1961,
1714,Stjørdal,,2017,5035
1715,Skatval,,1961,
1716,Åsen,,1961,
1717,Frosta,,2017,5036
1718,Leksvik,,2017,5053
1719,Levanger,1962,2017,5037
1720,Frol,,1961,
1721,Verdal,,2017,5038
1722,Ytterøy,,1963,
1723,Mosvik,,2011,5053
1724,Verran,,2017,5006
1725,Namdalseid,,2017,5006
1726,Malm,1913,1963,
1727,Beitstad,,1963,
1728,Sandvollan,1907,1961,
1729,Inderøy,,2011,5053
1730,Røra,1907,1961,
1731,Sparbu,,1963,
1732,Ogndal,,1963,
1733,Egge,,1963,
1734,Stod,,1963,
1735,Kvam,1909,1963,4622
1736,Snåase - Snåsa,,2017,5041
1737,Sørli,1915,1963,
1738,Lierne,1964,2017,5042
1739,Raarvihke - Røyrvik,1923,2017,5043
1740,Namsskogan,1923,2017,5044
1741,Harran,1923,1963,
1742,Grong,,2017,5045
1743,Høylandet,,2017,5046
1744,Overhalla,,2017,5047
1745,Vemundvik,,1963,
1746,Klinga,,1963,
1747,Otterøy,1913,1963,
1748,Fosnes,,2017,5007
1749,Flatanger,,2017,5049
1750,Vikna,,2017,5060
1751,Nærøy,,2017,5060
1752,Kolvereid,,1963,
1753,Foldereid,,1963,
1754,Gravvik,1909,1963,
1755,Leka,,2017,5052
1756,Inderøy,2012,2017,5053
1801,Brønnøysund,1923,1963,
1802,Mosjøen,,1961,
1803,Mo,1923,1963,
1804,Bodø,,,1804
1805,Narvik,,2019,1806
1806,Narvik,,,1806
1811,Bindal,,,1811
1812,Sømna,,,1812
1813,Brønnøy,,,1813
1814,Brønnøy,,1976,1813
1815,Vega,,,1815
1816,Vevelstad,,,1816
1817,Tjøtta,,1964,
1818,Herøy (Nordland),,,1818
1819,Nordvik,1917,1961,
1820,Alstahaug,,,1820
1821,Sandnessjøen,,1964,
1822,Leirfjord,,,1822
1823,Drevja,1927,1961,
1824,Vefsn,,,1824
1825,Grane,,,1825
1826,Aarborte - Hattfjelldal,,,1826
1827,Dønna,,,1827
1828,Nesna,,,1828
1829,Elsfjord,1929,1961,
1830,Korgen,1919,1963,
1831,Sør-Rana,1929,1963,
1832,Hemnes,,,1832
1833,Rana - Raane,,,1833
1834,Lurøy,,,1834
1835,Træna,,,1835
1836,Rødøy,,,1836
1837,Meløy,,,1837
1838,Gildeskål,,,1838
1839,Beiarn,,,1839
1840,Saltdal,,,1840
1841,Fauske - Fuossko,,,1841
1842,Skjerstad,,2004,1841
1843,Bodin,,1967,
1844,Kjerringøy,,1963,
1845,Sørfold - Fuolldá,,,1845
1846,Nordfold,,1963,
1847,Leiranger,,1963,
1848,Steigen,,,1848
1849,Hamarøy - Hábmer,,2019,1875
1850,Divtasvuodna - Tysfjord,,2019,1875
1851,Lødingen,,,1851
1852,Tjeldsund,1909,2019,5512
1853,Evenes - Evenássi,,,1853
1854,Ballangen,1925,2019,1806
1855,Ankenes,,1973,
1856,Røst,,,1856
1857,Værøy,,,1857
1858,Moskenes,1916,1975,1874
1859,Flakstad,,,1859
1860,Vestvågøy,,,1860
1861,Hol,1919,1962,3330
1862,Borge,,1962,
1863,Valberg,1927,1962,
1864,Gimsøy,,1963,
1865,Vågan,,,1865
1866,Hadsel,,,1866
1867,Bø,,,1867
1868,Øksnes,,,1868
1869,Langenes,1919,1963,
1870,Sortland - Suortá,,,1870
1871,Andøy,,,1871
1872,Dverberg,,1963,
1873,Andenes,1924,1963,
1874,Moskenes,,,1874
1875,Hábmer - Hamarøy,,,1875
1901,Harstad,,2012,5503
1902,Tromsø,,2019,5501
1903,Harstad - Hárstták,2013,2019,5503
1911,Kvæfjord,,2019,5510
1912,Sandtorg,1926,1963,
1913,Skånland,1926,2019,5512
1914,Trondenes,,1963,
1915,Bjarkøy,,2012,5503
1916,Andørja,1926,1963,
1917,Ibestad,,2019,5514
1918,Astafjord,1926,1963,
1919,Gratangen,1926,2019,5516
1920,Loabák - Lavangen,1907,2019,5518
1921,Salangen,,1976,5522
1922,Bardu,,2019,5520
1923,Salangen,1977,2019,5522
1924,Målselv,,2019,5524
1925,Sørreisa,,2019,5526
1926,Dyrøy,,2019,5528
1927,Tranøy,,2019,5530
1928,Torsken,,2019,5530
1929,Berg,,2019,5530
1930,Hillesøy,,1963,
1931,Lenvik,,2019,5530
1932,Malangen,,1963,
1933,Balsfjord,,2019,5532
1934,Tromsøysund,,1963,
1935,Helgøy,,1963,
1936,Karlsøy,,2019,5534
1937,Ullsfjord,,1963,
1938,Lyngen,,2019,5536
1939,Storfjord - Omasvuotna - Omasvuono,1931,2019,5538
1940,Gáivuotna - Kåfjord - Kaivuono,1931,2019,5540
1941,Skjervøy,,2019,5542
1942,Nordreisa - Ráisa - Raisi,,2019,5544
1943,Kvænangen,,2019,5546
2001,Hammerfest,,1991,5603
2002,Vardø,,2019,5634
2003,Vadsø,,2019,5607
2004,Hammerfest,1992,2019,5603
2011,Guovdageaidnu - Kautokeino,,2019,5612
2012,Alta,,2019,5601
2013,Talvik,,1963,
2014,Loppa,,2019,5614
2015,Hasvik,,2019,5616
2016,Sørøysund,,1991,5603
2017,Kvalsund,,2019,5603
2018,Måsøy,,2019,5618
2019,Nordkapp,,2019,5620
2020,Porsanger - Porsángu - Porsanki,1964,2019,5622
2021,Kárásjohka - Karasjok,,2019,5610
2022,Lebesby,,2019,5624
2023,Gamvik,1914,2019,5626
2024,Berlevåg,1914,2019,5630
2025,Deatnu - Tana,,2019,5628
2026,Polmak,,1963,
2027,Unjárga - Nesseby,,2019,5636
2028,Båtsfjord,1955,2019,5632
2029,Nord-Varanger,,1963,
2030,Sør-Varanger,,2019,5605
3001,Halden,2020,2023,3101
3002,Moss,2020,2023,3103
3003,Sarpsborg,2020,2023,3105
3004,Fredrikstad,2020,2023,3107
3005,Drammen,2020,2023,3301
3006,Kongsberg,2020,2023,3303
3007,Ringerike,2020,2023,3305
3011,Hvaler,2020,2023,3110
3012,Aremark,2020,2023,3124
3013,Marker,2020,2023,3122
3014,Indre Østfold,2020,2023,3118
3015,Skiptvet,2020,2023,3116
3016,Rakkestad,2020,2023,3120
3017,Råde,2020,2023,3112
3018,Våler (Viken),,2023,3114
3019,Vestby,2020,2023,3216
3020,Nordre Follo,2020,2023,3207
3021,Ås,2020,2023,3218
3022,Frogn,2020,2023,3214
3023,Nesodden,2020,2023,3212
3024,Bærum,2020,2023,3201
3025,Asker,2020,2023,3203
3026,Aurskog-Høland,2020,2023,3226
3027,Rælingen,2020,2023,3224
3028,Enebakk,2020,2023,3220
3029,Lørenskog,2020,2023,3222
3030,Lillestrøm,2020,2023,3205
3031,Nittedal,2020,2023,3232
3032,Gjerdrum,2020,2023,3230
3033,Ullensaker,2020,2023,3209
3034,Nes,2020,2023,3228
3035,Eidsvoll,2020,2023,3240
3036,Nannestad,2020,2023,3238
3037,Hurdal,2020,2023,3242
3038,Hole,2020,2023,3310
3039,Flå,2020,2023,3320
3040,Nesbyen,2020,2023,3322
3041,Gol,2020,2023,3324
3042,Hemsedal,2020,2023,3326
3043,Ål,2020,2023,3328
3044,Hol,2020,2023,3330
3045,Sigdal,2020,2023,3332
3046,Krødsherad,2020,2023,3318
3047,Modum,2020,2023,3316
3048,Øvre Eiker,2020,2023,3314
3049,Lier,2020,2023,3312
3050,Flesberg,2020,2023,3334
3051,Rollag,2020,2023,3336
3052,Nore og Uvdal,2020,2023,3338
3053,Jevnaker,2020,2023,3236
3054,Lunner,2020,2023,3234
3101,Halden,,,3101
3103,Moss,,,3103
3105,Sarpsborg,,,3105
3107,Fredrikstad,,,3107
3110,Hvaler,,,3110
3112,Råde,,,3112
3114,Våler (Østfold),,,3114
3116,Skiptvet,,,3116
3118,Indre Østfold,,,3118
3120,Rakkestad,,,3120
3122,Marker,,,3122
3124,Aremark,,,3124
3201,Bærum,,,3201
3203,Asker,,,3203
3205,Lillestrøm,,,3205
3207,Nordre Follo,,,3207
3209,Ullensaker,,,3209
3212,Nesodden,,,3212
3214,Frogn,,,3214
3216,Vestby,,,3216
3218,Ås,,,3218
3220,Enebakk,,,3220
3222,Lørenskog,,,3222
3224,Rælingen,,,3224
3226,Aurskog-Høland,,,3226
3228,Nes,,,3228
3230,Gjerdrum,,,3230
3232,Nittedal,,,3232
3234,Lunner,,,3234
3236,Jevnaker,,,3236
3238,Nannestad,,,3238
3240,Eidsvoll,,,3240
3242,Hurdal,,,3242
3301,Drammen,,,3301
3303,Kongsberg,,,3303
3305,Ringerike,,,3305
3310,Hole,,,3310
3312,Lier,,,3312
3314,Øvre Eiker,,,3314
3316,Modum,,,3316
3318,Krødsherad,,,3318
3320,Flå,,,3320
3322,Nesbyen,,,3322
3324,Gol,,,3324
3326,Hemsedal,,,3326
3328,Ål,,,3328
3330,Hol,,,3330
3332,Sigdal,,,3332
3334,Flesberg,,,3334
3336,Rollag,,,3336
3338,Nore og Uvdal,,,3338
3401,Kongsvinger,,,3401
3403,Hamar,,,3403
3405,Lillehammer,,,3405
3407,Gjøvik,,,3407
3411,Ringsaker,,,3411
3412,Løten,,,3412
3413,Stange,,,3413
3414,Nord-Odal,,,3414
3415,Sør-Odal,,,3415
3416,Eidskog,,,3416
3417,Grue,,,3417
3418,Åsnes,,,3418
3419,Våler (Innlandet),,,3419
3420,Elverum,,,3420
3421,Trysil,,,3421
3422,Åmot,,,3422
3423,Stor-Elvdal,,,3423
3424,Rendalen,,,3424
3425,Engerdal,,,3425
3426,Tolga,,,3426
3427,Tynset,,,3427
3428,Alvdal,,,3428
3429,Folldal,,,3429
3430,Os,,,3430
3431,Dovre,,,3431
3432,Lesja,,,3432
3433,Skjåk,,,3433
3434,Lom,,,3434
3435,Vågå,,,3435
3436,Nord-Fron,,,3436
3437,Sel,,,3437
3438,Sør-Fron,,,3438
3439,Ringebu,,,3439
3440,Øyer,,,3440
3441,Gausdal,,,3441
3442,Østre Toten,,,3442
3443,Vestre Toten,,,3443
3446,Gran,,,3446
3447,Søndre Land,,,3447
3448,Nordre Land,,,3448
3449,Sør-Aurdal,,,3449
3450,Etnedal,,,3450
3451,Nord-Aurdal,,,3451
3452,Vestre Slidre,,,3452
3453,Øystre Slidre,,,3453
3454,Vang,,,3454
3801,Horten,2020,2023,3901
3802,Holmestrand,2020,2023,3903
3803,Tønsberg,2020,2023,3905
3804,Sandefjord,2020,2023,3907
3805,Larvik,2020,2023,3909
3806,Porsgrunn,2020,2023,4001
3807,Skien,2020,2023,4003
3808,Notodden,2020,2023,4005
3811,Færder,2020,2023,3911
3812,Siljan,2020,2023,4010
3813,Bamble,2020,2023,4012
3814,Kragerø,2020,2023,4014
3815,Drangedal,2020,2023,4016
3816,Nome,2020,2023,4018
3817,Midt-Telemark,2020,2023,4020
3818,Tinn,2020,2023,4026
3819,Hjartdal,2020,2023,4024
3820,Seljord,2020,2023,4022
3821,Kviteseid,2020,2023,4028
3822,Nissedal,2020,2023,4030
3823,Fyresdal,2020,2023,4032
3824,Tokke,2020,2023,4034
3825,Vinje,2020,2023,4036
3901,Horten,,,3901
3903,Holmestrand,,,3903
3905,Tønsberg,,,3905
3907,Sandefjord,,,3907
3909,Larvik,,,3909
3911,Færder,,,3911
4001,Porsgrunn,,,4001
4003,Skien,,,4003
4005,Notodden,,,4005
4010,Siljan,,,4010
4012,Bamble,,,4012
4014,Kragerø,,,4014
4016,Drangedal,,,4016
4018,Nome,,,4018
4020,Midt-Telemark,,,4020
4022,Seljord,,,4022
4024,Hjartdal,,,4024
4026,Tinn,,,4026
4028,Kviteseid,,,4028
4030,Nissedal,,,4030
4032,Fyresdal,,,4032
4034,Tokke,,,4034
4036,Vinje,,,4036
4201,Risør,,,4201
4202,Grimstad,,,4202
4203,Arendal,,,4203
4204,Kristiansand,,,4204
4205,Lindesnes,,,4205
4206,Farsund,,,4206
4207,Flekkefjord,,,4207
4211,Gjerstad,,,4211
4212,Vegårshei,,,4212
4213,Tvedestrand,,,4213
4214,Froland,,,4214
4215,Lillesand,,,4215
4216,Birkenes,,,4216
4217,Åmli,,,4217
4218,Iveland,,,4218
4219,Evje og Hornnes,,,4219
4220,Bygland,,,4220
4221,Valle,,,4221
4222,Bykle,,,4222
4223,Vennesla,,,4223
4224,Åseral,,,4224
4225,Lyngdal,,,4225
4226,Hægebostad,,,4226
4227,Kvinesdal,,,4227
4228,Sirdal,,,4228
4601,Bergen,,,4601
4602,Kinn,,,4602
4611,Etne,,,4611
4612,Sveio,,,4612
4613,Bømlo,,,4613
4614,Stord,,,4614
4615,Fitjar,,,4615
4616,Tysnes,,,4616
4617,Kvinnherad,,,4617
4618,Ullensvang,,,4618
4619,Eidfjord,,,4619
4620,Ulvik,,,4620
4621,Voss,,,4621
4622,Kvam,,,4622
4623,Samnanger,,,4623
4624,Bjørnafjorden,,,4624
4625,Austevoll,,,4625
4626,Øygarden,,,4626
4627,Askøy,,,4627
4628,Vaksdal,,,4628
4629,Modalen,,,4629
4630,Osterøy,,,4630
4631,Alver,,,4631
4632,Austrheim,,,4632
4633,Fedje,,,4633
4634,Masfjorden,,,4634
4635,Gulen,,,4635
4636,Solund,,,4636
4637,Hyllestad,,,4637
4638,Høyanger,,,4638
4639,Vik,,,4639
4640,Sogndal,,,4640
4641,Aurland,,,4641
4642,Lærdal,,,4642
4643,Årdal,,,4643
4644,Luster,,,4644
4645,Askvoll,,,4645
4646,Fjaler,,,4646
4647,Sunnfjord,,,4647
4648,Bremanger,,,4648
4649,Stad,,,4649
4650,Gloppen,,,4650
4651,Stryn,,,4651
5001,Trondheim - Tråante,,,5001
5004,Steinkjer,2018,2019,5006
5005,Namsos,2018,2019,5007
5006,Steinkjer - Stïentje,,,5006
5007,Namsos - Nåavmesjenjaelmie,,,5007
5011,Hemne,2018,2019,5055
5012,Snillfjord,2018,2019,5055
5013,Hitra,2018,2019,5056
5014,Frøya,,,5014
5015,Ørland,2018,2019,5057
5016,Agdenes,2018,2019,5059
5017,Bjugn,2018,2019,5057
5018,Åfjord,2018,2019,5058
5019,Roan,2018,2019,5020
5020,Osen,,,5020
5021,Oppdal,,,5021
5022,Rennebu,,,5022
5023,Meldal,2018,2019,5059
5024,Orkdal,2018,2019,5059
5025,Røros - Rosse,,,5025
5026,Holtålen,,,5026
5027,Midtre Gauldal,,,5027
5028,Melhus,,,5028
5029,Skaun,,,5029
5030,Klæbu,2018,2019,5001
5031,Malvik,,,5031
5032,Selbu,,,5032
5033,Tydal,,,5033
5034,Meråker,,,5034
5035,Stjørdal,,,5035
5036,Frosta,,,5036
5037,Levanger - Levangke,,,5037
5038,Verdal,,,5038
5039,Verran,2018,2019,5006
5040,Namdalseid,2018,2019,5006
5041,Snåase - Snåsa,,,5041
5042,Lierne,,,5042
5043,Raarvihke - Røyrvik,,,5043
5044,Namsskogan,,,5044
5045,Grong,,,5045
5046,Høylandet,,,5046
5047,Overhalla,,,5047
5048,Fosnes,2018,2019,5007
5049,Flatanger,,,5049
5050,Vikna,2018,2019,5060
5051,Nærøy,2018,2019,5060
5052,Leka,,,5052
5053,Inderøy,,,5053
5054,Indre Fosen,,,5054
5055,Heim,,,5055
5056,Hitra,,,5056
5057,Ørland,,,5057
5058,Åfjord,,,5058
5059,Orkland,,,5059
5060,Nærøysund,,,5060
5061,Rindal,,,5061
5401,Tromsø,2020,2023,5501
5402,Harstad - Hárstták,2020,2023,5503
5403,Alta,2020,2023,5601
5404,Vardø,2020,2023,5634
5405,Vadsø,2020,2023,5607
5406,Hammerfest - Hámmerfeasta,2020,2023,5603
5411,Kvæfjord,2020,2023,5510
5412,Dielddanuorri - Tjeldsund,2020,2023,5512
5413,Ibestad,2020,2023,5514
5414,Gratangen,2020,2023,5516
5415,Loabák - Lavangen,2020,2023,5518
5416,Bardu,2020,2023,5520
5417,Salangen,2020,2023,5522
5418,Målselv,2020,2023,5524
5419,Sørreisa,2020,2023,5526
5420,Dyrøy,2020,2023,5528
5421,Senja,2020,2023,5530
5422,Balsfjord,2020,2023,5532
5423,Karlsøy,2020,2023,5534
5424,Lyngen,2020,2023,5536
5425,Storfjord - Omasvuotna - Omasvuono,2020,2023,5538
5426,Gáivuotna - Kåfjord - Kaivuono,2020,2023,5540
5427,Skjervøy,2020,2023,5542
5428,Nordreisa - Ráisa - Raisi,2020,2023,5544
5429,Kvænangen,2020,2023,5546
5430,Guovdageaidnu - Kautokeino,2020,2023,5612
5432,Loppa,2020,2023,5614
5433,Hasvik,2020,2023,5616
5434,Måsøy,2020,2023,5618
5435,Nordkapp,2020,2023,5620
5436,Porsanger - Porsángu - Porsanki,2020,2023,5622
5437,Kárásjohka - Karasjok,2020,2023,5610
5438,Lebesby,2020,2023,5624
5439,Gamvik,2020,2023,5626
5440,Berlevåg,2020,2023,5630
5441,Deatnu - Tana,2020,2023,5628
5442,Unjárga - Nesseby,2020,2023,5636
5443,Båtsfjord,2020,2023,5632
5444,Sør-Varanger,2020,2023,5605
5501,Tromsø,,,5501
5503,Harstad - Hárstták,,,5503
5510,Kvæfjord,,,5510
5512,Dielddanuorri - Tjeldsund,,,5512
5514,Ibestad,,,5514
5516,Gratangen - Rivtták,,,5516
5518,Loabák - Lavangen,,,5518
5520,Bardu,,,5520
5522,Salangen,,,5522
5524,Målselv,,,5524
5526,Sørreisa,,,5526
5528,Dyrøy,,,5528
5530,Senja,,,5530
5532,Balsfjord,,,5532
5534,Karlsøy,,,5534
5536,Lyngen - Ivgu - Yykeä,,,5536
5538,Storfjord - Omasvuotna - Omasvuono,,,5538
5540,Gáivuotna - Kåfjord - Kaivuono,,,5540
5542,Skjervøy,,,5542
5544,Nordreisa - Ráisa - Raisi,,,5544
5546,Kvænangen,,,5546
5601,Alta,,,5601
5603,Hammerfest - Hámmerfeasta,,,5603
5605,Sør-Varanger,,,5605
5607,Vadsø,,,5607
5610,Kárásjohka - Karasjok,,,5610
5612,Guovdageaidnu - Kautokeino,,,5612
5614,Loppa,,,5614
5616,Hasvik,,,5616
5618,Måsøy,,,5618
5620,Nordkapp,,,5620
5622,Porsanger - Porsángu - Porsanki,,,5622
5624,Lebesby,,,5624
5626,Gamvik,,,5626
5628,Deatnu - Tana,,,5628
5630,Berlevåg,,,5630
5632,Båtsfjord,,,5632
5634,Vardø,,,5634
5636,Unjárga - Nesseby,,,5636
